{"v":"5.5.7","meta":{"g":"LottieFiles AE 0.1.20","a":"","k":"","d":"","tc":""},"fr":30,"ip":0,"op":90,"w":860,"h":633,"nm":"girl","ddd":0,"assets":[],"layers":[{"ddd":0,"ind":1,"ty":4,"nm":"girl Outlines","sr":1,"ks":{"o":{"a":0,"k":100,"ix":11},"r":{"a":0,"k":0,"ix":10},"p":{"a":0,"k":[430,316.5,0],"ix":2},"a":{"a":0,"k":[430,316.5,0],"ix":1},"s":{"a":0,"k":[100,100,100],"ix":6}},"ao":0,"shapes":[{"ty":"gr","it":[{"ind":0,"ty":"sh","ix":1,"ks":{"a":0,"k":{"i":[[10.828,12.607],[-27.934,26.036],[-8.457,3.926],[0,0],[-14.288,0.257],[-5.214,-12.879],[2.18,-6.61],[10.765,-19.094],[0,0],[0,0],[0,0],[35.63,-28.167],[11.89,0.001]],"o":[[-17.517,-20.4],[6.899,-6.271],[0,0],[4.788,-13.464],[13.881,-0.599],[2.749,6.394],[-6.703,20.87],[0,0],[0,0],[0,0],[-0.277,0.45],[-12.183,9.63],[-18.027,0.004]],"v":[[-61.284,78.852],[-56.996,1.116],[-33.828,-14.268],[-11.316,-77.231],[20.393,-100.039],[52.244,-79.557],[53.128,-59.373],[26.859,0.727],[28.023,10.04],[84.93,15.098],[84.399,15.961],[20.641,87.013],[-16.029,100.634]],"c":true},"ix":2},"nm":"Path 1","mn":"ADBE Vector Shape - Group","hd":false},{"ty":"fl","c":{"a":0,"k":[0.592000026329,0.592000026329,1,1],"ix":4},"o":{"a":0,"k":100,"ix":5},"r":1,"bm":0,"nm":"Fill 1","mn":"ADBE Vector Graphic - Fill","hd":false},{"ty":"tr","p":{"a":1,"k":[{"i":{"x":0.833,"y":0.833},"o":{"x":0.167,"y":0.167},"t":0,"s":[182.212,273.008],"to":[0,0],"ti":[0,0]},{"t":60,"s":[182.212,273.008]}],"ix":2},"a":{"a":0,"k":[-37,60],"ix":1},"s":{"a":0,"k":[100,100],"ix":3},"r":{"a":1,"k":[{"i":{"x":[0.833],"y":[0.833]},"o":{"x":[0.167],"y":[0.167]},"t":0,"s":[0]},{"i":{"x":[0.833],"y":[0.833]},"o":{"x":[0.167],"y":[0.167]},"t":30,"s":[34]},{"t":60,"s":[0]}],"ix":6},"o":{"a":0,"k":100,"ix":7},"sk":{"a":0,"k":0,"ix":4},"sa":{"a":0,"k":0,"ix":5},"nm":"Transform"}],"nm":"Group 1","np":2,"cix":2,"bm":0,"ix":1,"mn":"ADBE Vector Group","hd":false},{"ty":"gr","it":[{"ind":0,"ty":"sh","ix":1,"ks":{"a":0,"k":{"i":[[2.22,-1.684],[6.826,-0.621],[2.065,-3.399],[2.012,-8.207],[4.692,-7.031],[17.247,11.515],[2.325,2.811],[-8.899,10.1],[-1.88,8.262],[-6.606,11.665],[-18.324,-0.94],[-5.743,-13.479]],"o":[[-2.521,-1.528],[-11.22,1.022],[-4.388,7.221],[-2.012,8.207],[-11.516,17.247],[-3.033,-2.026],[12.113,5.871],[5.446,-6.49],[2.973,-13.071],[1.91,-3.373],[12.589,0.646],[-2.22,1.684]],"v":[[52.842,-25.331],[38.042,-29.031],[17.927,-15.256],[9.54,8.551],[0.658,32.151],[-51.422,42.53],[-59.503,35.237],[-23.949,28.081],[-14.286,4.841],[-2.407,-33.411],[29.723,-54.005],[59.502,-30.384]],"c":true},"ix":2},"nm":"Path 1","mn":"ADBE Vector Shape - Group","hd":false},{"ty":"mm","mm":4,"nm":"Merge Paths 1","mn":"ADBE Vector Filter - Merge","hd":false},{"ty":"fl","c":{"a":1,"k":[{"i":{"x":[0.833],"y":[0.833]},"o":{"x":[0.167],"y":[0.167]},"t":0,"s":[0.027450982481,0.027450982481,0.027450982481,1]},{"t":30,"s":[0.149019613862,0.149019613862,0.149019613862,1]}],"ix":4},"o":{"a":0,"k":100,"ix":5},"r":1,"bm":0,"nm":"Fill 1","mn":"ADBE Vector Graphic - Fill","hd":false},{"ty":"tr","p":{"a":1,"k":[{"i":{"x":0.833,"y":0.833},"o":{"x":0.167,"y":0.167},"t":0,"s":[176.505,54.045],"to":[12.816,5.003],"ti":[-31.985,-12.487]},{"i":{"x":0.833,"y":0.833},"o":{"x":0.167,"y":0.167},"t":15,"s":[285.371,77.445],"to":[28.744,11.222],"ti":[-11.517,-4.497]},{"i":{"x":0.833,"y":0.833},"o":{"x":0.167,"y":0.167},"t":31,"s":[328.505,102.045],"to":[20.165,7.873],"ti":[-24.333,-9.5]},{"t":60,"s":[176.505,54.045]}],"ix":2},"a":{"a":0,"k":[0,0],"ix":1},"s":{"a":0,"k":[100,100],"ix":3},"r":{"a":1,"k":[{"i":{"x":[0.833],"y":[0.833]},"o":{"x":[0.167],"y":[0.167]},"t":0,"s":[0]},{"i":{"x":[0.833],"y":[0.833]},"o":{"x":[0.167],"y":[0.167]},"t":15,"s":[21]},{"i":{"x":[0.833],"y":[0.833]},"o":{"x":[0.167],"y":[0.167]},"t":31,"s":[41]},{"t":60,"s":[0]}],"ix":6},"o":{"a":0,"k":100,"ix":7},"sk":{"a":0,"k":0,"ix":4},"sa":{"a":0,"k":0,"ix":5},"nm":"Transform"}],"nm":"Group 6","np":3,"cix":2,"bm":0,"ix":2,"mn":"ADBE Vector Group","hd":false},{"ty":"gr","it":[{"ty":"gr","it":[{"ind":0,"ty":"sh","ix":1,"ks":{"a":0,"k":{"i":[[-2.22,1.684],[-3.747,-2.588],[2.349,-4.396],[-7.451,-3.103],[-0.751,-10.473],[2.879,-3.091],[7.428,1.549],[3.953,-6.685],[-0.774,-3.096],[-4.793,-4.449],[0,0],[4.444,16.661],[-16.322,5.558],[1.064,0.466],[0.085,2.312],[-0.37,0.662]],"o":[[0.205,-0.095],[3.383,2.336],[7.288,-3.471],[9.662,4.111],[0.29,4.214],[-5.906,6.08],[-7.016,-1.463],[-1.557,2.785],[1.514,6.673],[0,0],[-16.924,3.3],[-4.444,-16.661],[-0.59,0.027],[-2.102,-0.922],[-0.052,-1.44],[2.22,-1.684]],"v":[[-11.726,-40.842],[-3.126,-40.427],[-0.897,-28.558],[22.261,-29.135],[39.222,-5.378],[35.165,6.072],[13.476,8.506],[-6.037,13.333],[-7.257,22.489],[3.992,38.259],[4.776,39.715],[-35.068,14.796],[-12.906,-26.644],[-15.546,-27.118],[-19.199,-32.545],[-18.386,-35.789]],"c":true},"ix":2},"nm":"Path 1","mn":"ADBE Vector Shape - Group","hd":false},{"ty":"fl","c":{"a":1,"k":[{"i":{"x":[0.833],"y":[0.833]},"o":{"x":[0.167],"y":[0.167]},"t":0,"s":[0.027000000898,0.027000000898,0.027000000898,1]},{"t":31,"s":[0.145098045468,0.145098045468,0.145098045468,1]}],"ix":4},"o":{"a":0,"k":100,"ix":5},"r":1,"bm":0,"nm":"Fill 1","mn":"ADBE Vector Graphic - Fill","hd":false},{"ty":"tr","p":{"a":0,"k":[247.733,64.503],"ix":2},"a":{"a":0,"k":[0,0],"ix":1},"s":{"a":0,"k":[100,100],"ix":3},"r":{"a":0,"k":0,"ix":6},"o":{"a":0,"k":100,"ix":7},"sk":{"a":0,"k":0,"ix":4},"sa":{"a":0,"k":0,"ix":5},"nm":"Transform"}],"nm":"Group 7","np":2,"cix":2,"bm":0,"ix":1,"mn":"ADBE Vector Group","hd":false},{"ty":"gr","it":[{"ind":0,"ty":"sh","ix":1,"ks":{"a":0,"k":{"i":[[-17.001,0],[0,-17.002],[17.001,0],[0,17.002]],"o":[[17.001,0],[0,17.002],[-17.001,0],[0,-17.002]],"v":[[0,-30.784],[30.784,0],[0,30.784],[-30.784,0]],"c":true},"ix":2},"nm":"Path 1","mn":"ADBE Vector Shape - Group","hd":false},{"ty":"fl","c":{"a":0,"k":[1,0.752999997606,0.642999985639,1],"ix":4},"o":{"a":0,"k":100,"ix":5},"r":1,"bm":0,"nm":"Fill 1","mn":"ADBE Vector Graphic - Fill","hd":false},{"ty":"tr","p":{"a":0,"k":[256.101,72.466],"ix":2},"a":{"a":0,"k":[0,0],"ix":1},"s":{"a":0,"k":[100,100],"ix":3},"r":{"a":0,"k":0,"ix":6},"o":{"a":0,"k":100,"ix":7},"sk":{"a":0,"k":0,"ix":4},"sa":{"a":0,"k":0,"ix":5},"nm":"Transform"}],"nm":"Group 8","np":2,"cix":2,"bm":0,"ix":2,"mn":"ADBE Vector Group","hd":false},{"ty":"tr","p":{"a":1,"k":[{"i":{"x":0.833,"y":0.833},"o":{"x":0.167,"y":0.167},"t":0,"s":[249.309,63.782],"to":[10.096,7.272],"ti":[-0.657,-1.049]},{"i":{"x":0.833,"y":0.833},"o":{"x":0.167,"y":0.167},"t":15,"s":[330.393,105.406],"to":[4.923,7.866],"ti":[-8.245,-5.939]},{"i":{"x":0.833,"y":0.833},"o":{"x":0.167,"y":0.167},"t":31,"s":[367.309,148.782],"to":[19.667,14.167],"ti":[-0.657,-1.049]},{"i":{"x":0.833,"y":0.833},"o":{"x":0.167,"y":0.167},"t":45,"s":[317.393,97.406],"to":[4.923,7.866],"ti":[-19.667,-14.167]},{"t":60,"s":[244.309,58.782]}],"ix":2},"a":{"a":0,"k":[249.309,63.782],"ix":1},"s":{"a":0,"k":[100,100],"ix":3},"r":{"a":1,"k":[{"i":{"x":[0.833],"y":[0.833]},"o":{"x":[0.167],"y":[0.167]},"t":0,"s":[0]},{"i":{"x":[0.833],"y":[0.833]},"o":{"x":[0.167],"y":[0.167]},"t":15,"s":[46.548]},{"i":{"x":[0.833],"y":[0.833]},"o":{"x":[0.167],"y":[0.167]},"t":31,"s":[59]},{"i":{"x":[0.833],"y":[0.833]},"o":{"x":[0.167],"y":[0.167]},"t":45,"s":[-0.452]},{"t":60,"s":[0]}],"ix":6},"o":{"a":0,"k":100,"ix":7},"sk":{"a":0,"k":0,"ix":4},"sa":{"a":0,"k":0,"ix":5},"nm":"Transform"}],"nm":"Group 32","np":2,"cix":2,"bm":0,"ix":3,"mn":"ADBE Vector Group","hd":false},{"ty":"gr","it":[{"ind":0,"ty":"sh","ix":1,"ks":{"a":0,"k":{"i":[[0,0],[0,0],[0,0],[0,0],[-0.001,-10.305],[0,0]],"o":[[0,0],[0,0],[0,0],[10.305,0],[0,0],[0,0]],"v":[[24.146,9.326],[-24.147,9.326],[-24.147,-9.329],[5.487,-9.329],[24.147,9.328],[24.147,9.329]],"c":true},"ix":2},"nm":"Path 1","mn":"ADBE Vector Shape - Group","hd":false},{"ty":"fl","c":{"a":0,"k":[0.184000007779,0.180000005984,0.255000005984,1],"ix":4},"o":{"a":0,"k":100,"ix":5},"r":1,"bm":0,"nm":"Fill 1","mn":"ADBE Vector Graphic - Fill","hd":false},{"ty":"tr","p":{"a":0,"k":[269.725,341.93],"ix":2},"a":{"a":0,"k":[0,0],"ix":1},"s":{"a":0,"k":[100,100],"ix":3},"r":{"a":0,"k":0,"ix":6},"o":{"a":0,"k":100,"ix":7},"sk":{"a":0,"k":0,"ix":4},"sa":{"a":0,"k":0,"ix":5},"nm":"Transform"}],"nm":"Group 9","np":2,"cix":2,"bm":0,"ix":4,"mn":"ADBE Vector Group","hd":false},{"ty":"gr","it":[{"ind":0,"ty":"sh","ix":1,"ks":{"a":0,"k":{"i":[[0,0],[0,0],[0,0],[0,0]],"o":[[0,0],[0,0],[0,0],[0,0]],"v":[[-11.337,29.635],[4.029,29.635],[11.339,-29.635],[-11.339,-29.635]],"c":true},"ix":2},"nm":"Path 1","mn":"ADBE Vector Shape - Group","hd":false},{"ty":"fl","c":{"a":0,"k":[1,0.752999997606,0.642999985639,1],"ix":4},"o":{"a":0,"k":100,"ix":5},"r":1,"bm":0,"nm":"Fill 1","mn":"ADBE Vector Graphic - Fill","hd":false},{"ty":"tr","p":{"a":0,"k":[252.209,333.353],"ix":2},"a":{"a":0,"k":[-8,26],"ix":1},"s":{"a":0,"k":[100,100],"ix":3},"r":{"a":1,"k":[{"i":{"x":[0.833],"y":[0.833]},"o":{"x":[0.167],"y":[0.167]},"t":0,"s":[0]},{"i":{"x":[0.833],"y":[0.833]},"o":{"x":[0.167],"y":[0.167]},"t":30,"s":[34]},{"t":60,"s":[0]}],"ix":6},"o":{"a":0,"k":100,"ix":7},"sk":{"a":0,"k":0,"ix":4},"sa":{"a":0,"k":0,"ix":5},"nm":"Transform"}],"nm":"Group 10","np":2,"cix":2,"bm":0,"ix":5,"mn":"ADBE Vector Group","hd":false},{"ty":"gr","it":[{"ind":0,"ty":"sh","ix":1,"ks":{"a":0,"k":{"i":[[0,0],[6.883,-24.883],[0,0]],"o":[[0,0],[-6.883,24.883],[0,0]],"v":[[6.883,-31.105],[38.347,-10.746],[-45.23,35.628]],"c":true},"ix":2},"nm":"Path 1","mn":"ADBE Vector Shape - Group","hd":false},{"ty":"fl","c":{"a":0,"k":[1,0.752999997606,0.642999985639,1],"ix":4},"o":{"a":0,"k":100,"ix":5},"r":1,"bm":0,"nm":"Fill 1","mn":"ADBE Vector Graphic - Fill","hd":false},{"ty":"tr","p":{"a":1,"k":[{"i":{"x":0.833,"y":0.833},"o":{"x":0.167,"y":0.167},"t":0,"s":[275.612,261.327],"to":[-7.647,9.671],"ti":[8.985,-11.364]},{"i":{"x":0.833,"y":0.833},"o":{"x":0.167,"y":0.167},"t":30,"s":[232.084,316.171],"to":[-0.279,0.352],"ti":[0.237,-0.3]},{"i":{"x":0.833,"y":0.833},"o":{"x":0.167,"y":0.167},"t":31,"s":[228.31,321.151],"to":[-7.884,9.971],"ti":[7.884,-9.971]},{"t":60,"s":[275.612,261.327]}],"ix":2},"a":{"a":0,"k":[0,0],"ix":1},"s":{"a":0,"k":[100,100],"ix":3},"r":{"a":1,"k":[{"i":{"x":[0.833],"y":[0.833]},"o":{"x":[0.167],"y":[0.167]},"t":0,"s":[0]},{"i":{"x":[0.833],"y":[0.833]},"o":{"x":[0.167],"y":[0.167]},"t":31,"s":[20]},{"t":60,"s":[0]}],"ix":6},"o":{"a":0,"k":100,"ix":7},"sk":{"a":0,"k":0,"ix":4},"sa":{"a":0,"k":0,"ix":5},"nm":"Transform"}],"nm":"Group 11","np":2,"cix":2,"bm":0,"ix":6,"mn":"ADBE Vector Group","hd":false},{"ty":"gr","it":[{"ind":0,"ty":"sh","ix":1,"ks":{"a":0,"k":{"i":[[0,0],[0,0],[0,0],[0,0],[5.925,-8.43]],"o":[[0,0],[0,0],[0,0],[8.429,5.926],[0,0]],"v":[[16.786,21.516],[-22.714,-6.254],[-11.986,-21.516],[12.255,-4.476],[16.79,21.516]],"c":true},"ix":2},"nm":"Path 1","mn":"ADBE Vector Shape - Group","hd":false},{"ty":"fl","c":{"a":0,"k":[0.184000007779,0.180000005984,0.255000005984,1],"ix":4},"o":{"a":0,"k":100,"ix":5},"r":1,"bm":0,"nm":"Fill 1","mn":"ADBE Vector Graphic - Fill","hd":false},{"ty":"tr","p":{"a":1,"k":[{"i":{"x":0.833,"y":0.833},"o":{"x":0.167,"y":0.167},"t":0,"s":[221.2,336.145],"to":[-6,3.167],"ti":[0,0]},{"i":{"x":0.833,"y":0.833},"o":{"x":0.167,"y":0.167},"t":30,"s":[185.2,355.145],"to":[0,0],"ti":[-6,3.167]},{"t":60,"s":[221.2,336.145]}],"ix":2},"a":{"a":0,"k":[0,0],"ix":1},"s":{"a":0,"k":[100,100],"ix":3},"r":{"a":0,"k":0,"ix":6},"o":{"a":0,"k":100,"ix":7},"sk":{"a":0,"k":0,"ix":4},"sa":{"a":0,"k":0,"ix":5},"nm":"Transform"}],"nm":"Group 12","np":2,"cix":2,"bm":0,"ix":7,"mn":"ADBE Vector Group","hd":false},{"ty":"gr","it":[{"ind":0,"ty":"sh","ix":1,"ks":{"a":0,"k":{"i":[[0,0],[0,0],[0,0],[0,0]],"o":[[0,0],[0,0],[0,0],[0,0]],"v":[[-26.32,19.824],[-13.751,28.663],[26.32,-15.615],[7.77,-28.663]],"c":true},"ix":2},"nm":"Path 1","mn":"ADBE Vector Shape - Group","hd":false},{"ty":"fl","c":{"a":0,"k":[1,0.752999997606,0.642999985639,1],"ix":4},"o":{"a":0,"k":100,"ix":5},"r":1,"bm":0,"nm":"Fill 1","mn":"ADBE Vector Graphic - Fill","hd":false},{"ty":"tr","p":{"a":1,"k":[{"i":{"x":0.833,"y":0.833},"o":{"x":0.167,"y":0.167},"t":0,"s":[219.216,317.315],"to":[-5.833,3.75],"ti":[0,0]},{"i":{"x":0.833,"y":0.833},"o":{"x":0.167,"y":0.167},"t":30,"s":[184.216,339.815],"to":[0,0],"ti":[-5.833,3.75]},{"t":60,"s":[219.216,317.315]}],"ix":2},"a":{"a":0,"k":[-14,17.5],"ix":1},"s":{"a":0,"k":[100,100],"ix":3},"r":{"a":1,"k":[{"i":{"x":[0.833],"y":[0.833]},"o":{"x":[0.167],"y":[0.167]},"t":0,"s":[0]},{"i":{"x":[0.833],"y":[0.833]},"o":{"x":[0.167],"y":[0.167]},"t":30,"s":[24]},{"t":60,"s":[0]}],"ix":6},"o":{"a":0,"k":100,"ix":7},"sk":{"a":0,"k":0,"ix":4},"sa":{"a":0,"k":0,"ix":5},"nm":"Transform"}],"nm":"Group 13","np":2,"cix":2,"bm":0,"ix":8,"mn":"ADBE Vector Group","hd":false},{"ty":"gr","it":[{"ind":0,"ty":"sh","ix":1,"ks":{"a":0,"k":{"i":[[0,0],[0,0],[0,0],[0,0]],"o":[[0,0],[0,0],[0,0],[0,0]],"v":[[-429.556,-1.721],[429.556,-1.721],[429.556,1.721],[-429.556,1.721]],"c":true},"ix":2},"nm":"Path 1","mn":"ADBE Vector Shape - Group","hd":false},{"ty":"fl","c":{"a":0,"k":[0.027000000898,0.027000000898,0.027000000898,1],"ix":4},"o":{"a":0,"k":100,"ix":5},"r":1,"bm":0,"nm":"Fill 1","mn":"ADBE Vector Graphic - Fill","hd":false},{"ty":"tr","p":{"a":0,"k":[429.556,630.957],"ix":2},"a":{"a":0,"k":[0,0],"ix":1},"s":{"a":0,"k":[100,100],"ix":3},"r":{"a":0,"k":0,"ix":6},"o":{"a":0,"k":100,"ix":7},"sk":{"a":0,"k":0,"ix":4},"sa":{"a":0,"k":0,"ix":5},"nm":"Transform"}],"nm":"Group 14","np":2,"cix":2,"bm":0,"ix":9,"mn":"ADBE Vector Group","hd":false},{"ty":"gr","it":[{"ty":"gr","it":[{"ind":0,"ty":"sh","ix":1,"ks":{"a":0,"k":{"i":[[59.859,0],[0,0],[0,78.552],[-77.251,0],[0,0],[-26.822,17.136],[-32.299,0.009],[-6.951,-90.462],[0,0],[0,-60.806]],"o":[[0,0],[-77.252,0],[0,-78.553],[0,0],[14.017,-28.577],[27.212,-17.4],[89.594,0],[0,0],[59.858,0],[0,60.806]],"v":[[194.81,190.732],[-163.272,190.732],[-303.372,48.274],[-163.272,-94.183],[-137.798,-94.183],[-75.361,-164.072],[15.773,-190.731],[186.993,-29.818],[194.815,-29.818],[303.372,80.457]],"c":true},"ix":2},"nm":"Path 1","mn":"ADBE Vector Shape - Group","hd":false},{"ty":"fl","c":{"a":0,"k":[0.752999997606,0.984000052658,1,1],"ix":4},"o":{"a":0,"k":100,"ix":5},"r":1,"bm":0,"nm":"Fill 1","mn":"ADBE Vector Graphic - Fill","hd":false},{"ty":"tr","p":{"a":0,"k":[433.116,441.424],"ix":2},"a":{"a":0,"k":[0,0],"ix":1},"s":{"a":0,"k":[100,100],"ix":3},"r":{"a":0,"k":0,"ix":6},"o":{"a":0,"k":100,"ix":7},"sk":{"a":0,"k":0,"ix":4},"sa":{"a":0,"k":0,"ix":5},"nm":"Transform"}],"nm":"Group 15","np":2,"cix":2,"bm":0,"ix":1,"mn":"ADBE Vector Group","hd":false},{"ty":"gr","it":[{"ind":0,"ty":"sh","ix":1,"ks":{"a":0,"k":{"i":[[-8.335,0.346],[-4.365,6.623],[-0.18,0.318],[1.743,2.781],[4.368,-0.439],[-1.81,-2.76],[4.497,4.855],[3.502,0.552],[1.205,-5.17],[-1.223,-3.779],[6.868,-2.105],[-2.346,-4.9],[-8.556,-1.575]],"o":[[10.593,-0.44],[0.205,-0.31],[1.594,-2.823],[-1.743,-2.781],[-4.368,0.439],[0.4,-5.578],[-2.475,-2.538],[-9.062,-1.594],[-0.889,3.819],[-3.769,-4.457],[-6.868,2.105],[2.763,5.764],[7.067,1.301]],"v":[[10.797,20.564],[35.406,9.226],[35.983,8.283],[36.332,-0.565],[25.864,-5.018],[19.888,1.668],[16.126,-14.626],[6.92,-19.384],[-9.363,-10.685],[-7.801,0.794],[-27.401,-3.54],[-35.729,9.359],[-15.199,19.677]],"c":true},"ix":2},"nm":"Path 1","mn":"ADBE Vector Shape - Group","hd":false},{"ty":"fl","c":{"a":0,"k":[0.752999997606,0.984000052658,1,1],"ix":4},"o":{"a":0,"k":100,"ix":5},"r":1,"bm":0,"nm":"Fill 1","mn":"ADBE Vector Graphic - Fill","hd":false},{"ty":"tr","p":{"a":0,"k":[51.711,609.643],"ix":2},"a":{"a":0,"k":[0,0],"ix":1},"s":{"a":0,"k":[100,100],"ix":3},"r":{"a":0,"k":0,"ix":6},"o":{"a":0,"k":100,"ix":7},"sk":{"a":0,"k":0,"ix":4},"sa":{"a":0,"k":0,"ix":5},"nm":"Transform"}],"nm":"Group 16","np":2,"cix":2,"bm":0,"ix":2,"mn":"ADBE Vector Group","hd":false},{"ty":"gr","it":[{"ind":0,"ty":"sh","ix":1,"ks":{"a":0,"k":{"i":[[8.334,0.346],[4.366,6.623],[0.181,0.318],[-1.743,2.781],[-4.369,-0.439],[1.809,-2.76],[-4.497,4.855],[-3.502,0.552],[-1.205,-5.17],[1.223,-3.779],[-6.868,-2.105],[2.345,-4.9],[8.556,-1.575]],"o":[[-10.593,-0.44],[-0.204,-0.31],[-1.594,-2.823],[1.743,-2.781],[4.368,0.439],[-0.4,-5.578],[2.476,-2.538],[9.062,-1.594],[0.889,3.819],[3.769,-4.457],[6.868,2.105],[-2.763,5.764],[-7.068,1.301]],"v":[[-10.796,20.564],[-35.406,9.226],[-35.983,8.283],[-36.332,-0.565],[-25.864,-5.018],[-19.888,1.668],[-16.126,-14.626],[-6.919,-19.384],[9.364,-10.685],[7.802,0.794],[27.402,-3.54],[35.73,9.359],[15.2,19.677]],"c":true},"ix":2},"nm":"Path 1","mn":"ADBE Vector Shape - Group","hd":false},{"ty":"fl","c":{"a":0,"k":[0.752999997606,0.984000052658,1,1],"ix":4},"o":{"a":0,"k":100,"ix":5},"r":1,"bm":0,"nm":"Fill 1","mn":"ADBE Vector Graphic - Fill","hd":false},{"ty":"tr","p":{"a":0,"k":[808.294,609.643],"ix":2},"a":{"a":0,"k":[0,0],"ix":1},"s":{"a":0,"k":[100,100],"ix":3},"r":{"a":0,"k":0,"ix":6},"o":{"a":0,"k":100,"ix":7},"sk":{"a":0,"k":0,"ix":4},"sa":{"a":0,"k":0,"ix":5},"nm":"Transform"}],"nm":"Group 17","np":2,"cix":2,"bm":0,"ix":3,"mn":"ADBE Vector Group","hd":false},{"ty":"tr","p":{"a":0,"k":[430.003,441.424],"ix":2},"a":{"a":0,"k":[430.003,441.424],"ix":1},"s":{"a":0,"k":[100,100],"ix":3},"r":{"a":0,"k":0,"ix":6},"o":{"a":0,"k":100,"ix":7},"sk":{"a":0,"k":0,"ix":4},"sa":{"a":0,"k":0,"ix":5},"nm":"Transform"}],"nm":"Group 29","np":3,"cix":2,"bm":0,"ix":10,"mn":"ADBE Vector Group","hd":false},{"ty":"gr","it":[{"ty":"gr","it":[{"ind":0,"ty":"sh","ix":1,"ks":{"a":0,"k":{"i":[[0,0],[0,0],[-3.173,8.789],[-8.79,-3.173],[0,0],[1.057,-2.929],[0,0],[2.93,1.053]],"o":[[0,0],[-8.79,-3.173],[3.172,-8.79],[0,0],[2.929,1.057],[0,0],[-1.061,2.927],[0,0]],"v":[[21.692,25.276],[-24.286,8.676],[-34.456,-12.984],[-12.796,-23.155],[33.182,-6.555],[36.572,0.663],[28.913,21.884],[21.693,25.274]],"c":true},"ix":2},"nm":"Path 1","mn":"ADBE Vector Shape - Group","hd":false},{"ty":"fl","c":{"a":0,"k":[0.541000007181,0.541000007181,1,1],"ix":4},"o":{"a":0,"k":100,"ix":5},"r":1,"bm":0,"nm":"Fill 1","mn":"ADBE Vector Graphic - Fill","hd":false},{"ty":"tr","p":{"a":0,"k":[248.852,144.037],"ix":2},"a":{"a":0,"k":[0,0],"ix":1},"s":{"a":0,"k":[100,100],"ix":3},"r":{"a":0,"k":0,"ix":6},"o":{"a":0,"k":100,"ix":7},"sk":{"a":0,"k":0,"ix":4},"sa":{"a":0,"k":0,"ix":5},"nm":"Transform"}],"nm":"Group 4","np":2,"cix":2,"bm":0,"ix":1,"mn":"ADBE Vector Group","hd":false},{"ty":"gr","it":[{"ind":0,"ty":"sh","ix":1,"ks":{"a":0,"k":{"i":[[0,0],[-0.075,-0.689],[0,0],[0,0],[0,0],[0,0],[0,0],[-1.297,7.149],[7.149,1.296],[1.297,-7.148],[0.03,-0.542]],"o":[[-0.034,0.693],[0,0],[0,0],[0,0],[0,0],[0,0],[7.149,1.297],[1.296,-7.149],[-7.148,-1.297],[-0.097,0.535],[0,0]],"v":[[22.467,-29.287],[22.529,-27.209],[-25.079,12.748],[-39.279,7.607],[-49.842,28.021],[-18.799,42.798],[33.253,-15.614],[48.545,-26.209],[37.948,-41.501],[22.657,-30.905],[22.466,-29.287]],"c":true},"ix":2},"nm":"Path 1","mn":"ADBE Vector Shape - Group","hd":false},{"ty":"fl","c":{"a":0,"k":[1,0.752999997606,0.642999985639,1],"ix":4},"o":{"a":0,"k":100,"ix":5},"r":1,"bm":0,"nm":"Fill 1","mn":"ADBE Vector Graphic - Fill","hd":false},{"ty":"tr","p":{"a":0,"k":[323.934,137.498],"ix":2},"a":{"a":0,"k":[0,0],"ix":1},"s":{"a":0,"k":[100,100],"ix":3},"r":{"a":0,"k":0,"ix":6},"o":{"a":0,"k":100,"ix":7},"sk":{"a":0,"k":0,"ix":4},"sa":{"a":0,"k":0,"ix":5},"nm":"Transform"}],"nm":"Group 5","np":2,"cix":2,"bm":0,"ix":2,"mn":"ADBE Vector Group","hd":false},{"ty":"tr","p":{"a":1,"k":[{"i":{"x":0.833,"y":0.833},"o":{"x":0.167,"y":0.167},"t":0,"s":[224.04,138.04],"to":[14.333,9],"ti":[0,0]},{"i":{"x":0.833,"y":0.833},"o":{"x":0.167,"y":0.167},"t":30,"s":[310.04,192.04],"to":[0,0],"ti":[14.333,9]},{"t":60,"s":[224.04,138.04]}],"ix":2},"a":{"a":0,"k":[223.04,128.04],"ix":1},"s":{"a":0,"k":[100,100],"ix":3},"r":{"a":1,"k":[{"i":{"x":[0.833],"y":[0.833]},"o":{"x":[0.167],"y":[0.167]},"t":0,"s":[0]},{"i":{"x":[0.833],"y":[0.833]},"o":{"x":[0.167],"y":[0.167]},"t":30,"s":[60]},{"t":60,"s":[0]}],"ix":6},"o":{"a":0,"k":100,"ix":7},"sk":{"a":0,"k":0,"ix":4},"sa":{"a":0,"k":0,"ix":5},"nm":"Transform"}],"nm":"Group 30","np":2,"cix":2,"bm":0,"ix":11,"mn":"ADBE Vector Group","hd":false},{"ty":"gr","it":[{"ty":"gr","it":[{"ind":0,"ty":"sh","ix":1,"ks":{"a":0,"k":{"i":[[0,0],[0,0],[-6.608,6.608],[-6.608,-6.607],[0,0],[2.202,-2.202],[0,0],[2.204,2.199]],"o":[[0,0],[-6.608,-6.608],[6.608,-6.607],[0,0],[2.202,2.203],[0,0],[-2.205,2.199],[0,0]],"v":[[7.518,31.454],[-27.047,-3.114],[-27.047,-27.043],[-3.118,-27.043],[31.453,7.522],[31.453,15.497],[15.5,31.451],[7.523,31.451]],"c":true},"ix":2},"nm":"Path 1","mn":"ADBE Vector Shape - Group","hd":false},{"ty":"fl","c":{"a":0,"k":[0.592000026329,0.592000026329,1,1],"ix":4},"o":{"a":0,"k":100,"ix":5},"r":1,"bm":0,"nm":"Fill 1","mn":"ADBE Vector Graphic - Fill","hd":false},{"ty":"tr","p":{"a":0,"k":[254.103,153.345],"ix":2},"a":{"a":0,"k":[0,0],"ix":1},"s":{"a":0,"k":[100,100],"ix":3},"r":{"a":0,"k":0,"ix":6},"o":{"a":0,"k":100,"ix":7},"sk":{"a":0,"k":0,"ix":4},"sa":{"a":0,"k":0,"ix":5},"nm":"Transform"}],"nm":"Group 2","np":2,"cix":2,"bm":0,"ix":1,"mn":"ADBE Vector Group","hd":false},{"ty":"gr","it":[{"ind":0,"ty":"sh","ix":1,"ks":{"a":0,"k":{"i":[[0,0],[0.225,-0.656],[0,0],[0,0],[0,0],[0,0],[0,0],[-4.212,5.92],[5.92,4.212],[4.212,-5.92],[0.258,-0.478]],"o":[[-0.325,0.612],[0,0],[0,0],[0,0],[0,0],[0,0],[5.92,4.212],[4.213,-5.919],[-5.92,-4.212],[-0.316,0.443],[0,0]],"v":[[31.651,-19.509],[30.825,-17.603],[-29.258,-1.672],[-39.925,-12.361],[-58.16,1.629],[-36.341,28.198],[35.602,-2.549],[53.947,-5.642],[50.856,-23.987],[32.511,-20.895],[31.65,-19.512]],"c":true},"ix":2},"nm":"Path 1","mn":"ADBE Vector Shape - Group","hd":false},{"ty":"fl","c":{"a":0,"k":[1,0.752999997606,0.642999985639,1],"ix":4},"o":{"a":0,"k":100,"ix":5},"r":1,"bm":0,"nm":"Fill 1","mn":"ADBE Vector Graphic - Fill","hd":false},{"ty":"tr","p":{"a":0,"k":[316.294,170.712],"ix":2},"a":{"a":0,"k":[0,0],"ix":1},"s":{"a":0,"k":[100,100],"ix":3},"r":{"a":0,"k":0,"ix":6},"o":{"a":0,"k":100,"ix":7},"sk":{"a":0,"k":0,"ix":4},"sa":{"a":0,"k":0,"ix":5},"nm":"Transform"}],"nm":"Group 3","np":2,"cix":2,"bm":0,"ix":2,"mn":"ADBE Vector Group","hd":false},{"ty":"tr","p":{"a":1,"k":[{"i":{"x":0.833,"y":0.833},"o":{"x":0.167,"y":0.167},"t":0,"s":[237.39,140.128],"to":[11.333,17.5],"ti":[0,0]},{"i":{"x":0.833,"y":0.833},"o":{"x":0.167,"y":0.167},"t":30,"s":[305.39,245.128],"to":[0,0],"ti":[11.333,17.5]},{"t":60,"s":[237.39,140.128]}],"ix":2},"a":{"a":0,"k":[237.39,140.128],"ix":1},"s":{"a":0,"k":[100,100],"ix":3},"r":{"a":1,"k":[{"i":{"x":[0.833],"y":[0.833]},"o":{"x":[0.167],"y":[0.167]},"t":0,"s":[0]},{"i":{"x":[0.833],"y":[0.833]},"o":{"x":[0.167],"y":[0.167]},"t":30,"s":[39]},{"t":60,"s":[0]}],"ix":6},"o":{"a":0,"k":100,"ix":7},"sk":{"a":0,"k":0,"ix":4},"sa":{"a":0,"k":0,"ix":5},"nm":"Transform"}],"nm":"Group 31","np":2,"cix":2,"bm":0,"ix":12,"mn":"ADBE Vector Group","hd":false},{"ty":"gr","it":[{"ty":"gr","it":[{"ind":0,"ty":"sh","ix":1,"ks":{"a":0,"k":{"i":[[1.786,0],[0,1.786],[0,0],[-1.786,0],[0,-1.786],[0,0]],"o":[[-1.786,0],[0,0],[0,-1.786],[1.786,0],[0,0],[0,1.786]],"v":[[0,21.829],[-3.234,18.595],[-3.234,-18.595],[0,-21.829],[3.234,-18.595],[3.234,18.595]],"c":true},"ix":2},"nm":"Path 1","mn":"ADBE Vector Shape - Group","hd":false},{"ty":"fl","c":{"a":0,"k":[1,0.46699999641,0.030999998953,1],"ix":4},"o":{"a":0,"k":100,"ix":5},"r":1,"bm":0,"nm":"Fill 1","mn":"ADBE Vector Graphic - Fill","hd":false},{"ty":"tr","p":{"a":0,"k":[388.756,195.78],"ix":2},"a":{"a":0,"k":[0,0],"ix":1},"s":{"a":0,"k":[100,100],"ix":3},"r":{"a":0,"k":0,"ix":6},"o":{"a":0,"k":100,"ix":7},"sk":{"a":0,"k":0,"ix":4},"sa":{"a":0,"k":0,"ix":5},"nm":"Transform"}],"nm":"Group 18","np":2,"cix":2,"bm":0,"ix":1,"mn":"ADBE Vector Group","hd":false},{"ty":"gr","it":[{"ind":0,"ty":"sh","ix":1,"ks":{"a":0,"k":{"i":[[0.845,0],[0.607,0.625],[0,0],[-1.278,1.247],[-1.247,-1.278],[0,0],[1.277,-1.248]],"o":[[-0.872,0.001],[0,0],[-1.247,-1.278],[1.278,-1.247],[0,0],[1.249,1.277],[-0.604,0.59]],"v":[[9.404,13.033],[7.09,12.057],[-11.718,-7.215],[-11.662,-11.787],[-7.09,-11.731],[11.717,7.541],[11.664,12.113]],"c":true},"ix":2},"nm":"Path 1","mn":"ADBE Vector Shape - Group","hd":false},{"ty":"fl","c":{"a":0,"k":[1,0.46699999641,0.030999998953,1],"ix":4},"o":{"a":0,"k":100,"ix":5},"r":1,"bm":0,"nm":"Fill 1","mn":"ADBE Vector Graphic - Fill","hd":false},{"ty":"tr","p":{"a":0,"k":[445.303,172.237],"ix":2},"a":{"a":0,"k":[0,0],"ix":1},"s":{"a":0,"k":[100,100],"ix":3},"r":{"a":0,"k":0,"ix":6},"o":{"a":0,"k":100,"ix":7},"sk":{"a":0,"k":0,"ix":4},"sa":{"a":0,"k":0,"ix":5},"nm":"Transform"}],"nm":"Group 19","np":2,"cix":2,"bm":0,"ix":2,"mn":"ADBE Vector Group","hd":false},{"ty":"gr","it":[{"ind":0,"ty":"sh","ix":1,"ks":{"a":0,"k":{"i":[[0,0],[-0.002,1.786],[-0.585,0.603],[0,0],[-1.282,-1.244],[1.245,-1.282],[0,0],[0.874,0]],"o":[[-1.787,-0.001],[0,-0.84],[0,0],[1.245,-1.282],[1.281,1.244],[0,0],[-0.609,0.627],[0,0]],"v":[[-7.953,11.417],[-11.185,8.18],[-10.273,5.93],[5.301,-10.107],[9.875,-10.174],[9.942,-5.6],[-5.633,10.438],[-7.953,11.419]],"c":true},"ix":2},"nm":"Path 1","mn":"ADBE Vector Shape - Group","hd":false},{"ty":"fl","c":{"a":0,"k":[1,0.46699999641,0.030999998953,1],"ix":4},"o":{"a":0,"k":100,"ix":5},"r":1,"bm":0,"nm":"Fill 1","mn":"ADBE Vector Graphic - Fill","hd":false},{"ty":"tr","p":{"a":0,"k":[336.538,170.622],"ix":2},"a":{"a":0,"k":[0,0],"ix":1},"s":{"a":0,"k":[100,100],"ix":3},"r":{"a":0,"k":0,"ix":6},"o":{"a":0,"k":100,"ix":7},"sk":{"a":0,"k":0,"ix":4},"sa":{"a":0,"k":0,"ix":5},"nm":"Transform"}],"nm":"Group 20","np":2,"cix":2,"bm":0,"ix":3,"mn":"ADBE Vector Group","hd":false},{"ty":"gr","it":[{"ind":0,"ty":"sh","ix":1,"ks":{"a":0,"k":{"i":[[0,0],[0.603,0.586],[0,0],[-1.204,1.319],[-1.318,-1.204],[-0.045,-0.046],[0,0],[1.244,-1.282],[0.875,0]],"o":[[-0.841,0.001],[0,0],[-1.319,-1.205],[1.205,-1.319],[0.047,0.044],[0,0],[1.282,1.243],[-0.609,0.627],[0,0]],"v":[[7.838,11],[5.586,10.087],[-9.988,-5.022],[-10.195,-9.59],[-5.626,-9.798],[-5.488,-9.663],[10.086,5.447],[10.155,10.02],[7.834,11.001]],"c":true},"ix":2},"nm":"Path 1","mn":"ADBE Vector Shape - Group","hd":false},{"ty":"fl","c":{"a":0,"k":[1,0.46699999641,0.030999998953,1],"ix":4},"o":{"a":0,"k":100,"ix":5},"r":1,"bm":0,"nm":"Fill 1","mn":"ADBE Vector Graphic - Fill","hd":false},{"ty":"tr","p":{"a":0,"k":[333.087,82.662],"ix":2},"a":{"a":0,"k":[0,0],"ix":1},"s":{"a":0,"k":[100,100],"ix":3},"r":{"a":0,"k":0,"ix":6},"o":{"a":0,"k":100,"ix":7},"sk":{"a":0,"k":0,"ix":4},"sa":{"a":0,"k":0,"ix":5},"nm":"Transform"}],"nm":"Group 21","np":2,"cix":2,"bm":0,"ix":4,"mn":"ADBE Vector Group","hd":false},{"ty":"gr","it":[{"ind":0,"ty":"sh","ix":1,"ks":{"a":0,"k":{"i":[[0,0],[0,1.786],[-0.627,0.609],[0,0],[-1.281,-1.245],[1.245,-1.28],[0.048,-0.043],[0,0],[0.842,0.001]],"o":[[-1.786,0],[0,-0.875],[0,0],[1.245,-1.281],[1.281,1.245],[-0.044,0.046],[0,0],[-0.602,0.587],[0,0]],"v":[[-7.985,10.987],[-11.219,7.753],[-10.238,5.432],[5.336,-9.678],[9.91,-9.743],[9.974,-5.17],[9.836,-5.036],[-5.738,10.074],[-7.99,10.987]],"c":true},"ix":2},"nm":"Path 1","mn":"ADBE Vector Shape - Group","hd":false},{"ty":"fl","c":{"a":0,"k":[1,0.46699999641,0.030999998953,1],"ix":4},"o":{"a":0,"k":100,"ix":5},"r":1,"bm":0,"nm":"Fill 1","mn":"ADBE Vector Graphic - Fill","hd":false},{"ty":"tr","p":{"a":0,"k":[443.883,82.675],"ix":2},"a":{"a":0,"k":[0,0],"ix":1},"s":{"a":0,"k":[100,100],"ix":3},"r":{"a":0,"k":0,"ix":6},"o":{"a":0,"k":100,"ix":7},"sk":{"a":0,"k":0,"ix":4},"sa":{"a":0,"k":0,"ix":5},"nm":"Transform"}],"nm":"Group 22","np":2,"cix":2,"bm":0,"ix":5,"mn":"ADBE Vector Group","hd":false},{"ty":"gr","it":[{"ind":0,"ty":"sh","ix":1,"ks":{"a":0,"k":{"i":[[1.78,-0.003],[0,0],[-0.004,1.785],[-1.782,0.004],[0,0],[0.002,-1.786]],"o":[[0,0],[-1.787,-0.003],[0.004,-1.781],[0,0],[1.786,0.004],[-0.004,1.782]],"v":[[18.596,3.234],[-18.594,3.234],[-21.822,-0.006],[-18.594,-3.234],[18.596,-3.234],[21.824,0.006]],"c":true},"ix":2},"nm":"Path 1","mn":"ADBE Vector Shape - Group","hd":false},{"ty":"fl","c":{"a":0,"k":[1,0.46699999641,0.030999998953,1],"ix":4},"o":{"a":0,"k":100,"ix":5},"r":1,"bm":0,"nm":"Fill 1","mn":"ADBE Vector Graphic - Fill","hd":false},{"ty":"tr","p":{"a":0,"k":[455.514,125.787],"ix":2},"a":{"a":0,"k":[0,0],"ix":1},"s":{"a":0,"k":[100,100],"ix":3},"r":{"a":0,"k":0,"ix":6},"o":{"a":0,"k":100,"ix":7},"sk":{"a":0,"k":0,"ix":4},"sa":{"a":0,"k":0,"ix":5},"nm":"Transform"}],"nm":"Group 23","np":2,"cix":2,"bm":0,"ix":6,"mn":"ADBE Vector Group","hd":false},{"ty":"gr","it":[{"ind":0,"ty":"sh","ix":1,"ks":{"a":0,"k":{"i":[[1.781,-0.003],[0,0],[-0.004,1.785],[-1.781,0.004],[0,0],[0.003,-1.786]],"o":[[0,0],[-1.786,-0.003],[0.003,-1.781],[0,0],[1.786,0.004],[-0.004,1.782]],"v":[[18.595,3.234],[-18.595,3.234],[-21.822,-0.006],[-18.595,-3.234],[18.595,-3.234],[21.823,0.006]],"c":true},"ix":2},"nm":"Path 1","mn":"ADBE Vector Shape - Group","hd":false},{"ty":"fl","c":{"a":0,"k":[1,0.46699999641,0.030999998953,1],"ix":4},"o":{"a":0,"k":100,"ix":5},"r":1,"bm":0,"nm":"Fill 1","mn":"ADBE Vector Graphic - Fill","hd":false},{"ty":"tr","p":{"a":0,"k":[319.692,125.787],"ix":2},"a":{"a":0,"k":[0,0],"ix":1},"s":{"a":0,"k":[100,100],"ix":3},"r":{"a":0,"k":0,"ix":6},"o":{"a":0,"k":100,"ix":7},"sk":{"a":0,"k":0,"ix":4},"sa":{"a":0,"k":0,"ix":5},"nm":"Transform"}],"nm":"Group 24","np":2,"cix":2,"bm":0,"ix":7,"mn":"ADBE Vector Group","hd":false},{"ty":"gr","it":[{"ind":0,"ty":"sh","ix":1,"ks":{"a":0,"k":{"i":[[1.786,0],[0,1.786],[0,0],[-1.786,0],[0,-1.786],[0,0]],"o":[[-1.786,0],[0,0],[0,-1.786],[1.786,0],[0,0],[0,1.786]],"v":[[0,21.829],[-3.234,18.595],[-3.234,-18.595],[0,-21.829],[3.234,-18.595],[3.234,18.595]],"c":true},"ix":2},"nm":"Path 1","mn":"ADBE Vector Shape - Group","hd":false},{"ty":"fl","c":{"a":0,"k":[1,0.46699999641,0.030999998953,1],"ix":4},"o":{"a":0,"k":100,"ix":5},"r":1,"bm":0,"nm":"Fill 1","mn":"ADBE Vector Graphic - Fill","hd":false},{"ty":"tr","p":{"a":0,"k":[388.756,56.723],"ix":2},"a":{"a":0,"k":[0,0],"ix":1},"s":{"a":0,"k":[100,100],"ix":3},"r":{"a":0,"k":0,"ix":6},"o":{"a":0,"k":100,"ix":7},"sk":{"a":0,"k":0,"ix":4},"sa":{"a":0,"k":0,"ix":5},"nm":"Transform"}],"nm":"Group 25","np":2,"cix":2,"bm":0,"ix":8,"mn":"ADBE Vector Group","hd":false},{"ty":"gr","it":[{"ind":0,"ty":"sh","ix":1,"ks":{"a":0,"k":{"i":[[21.432,-0.001],[0.001,21.432],[-21.432,0],[0,-21.433],[0,0]],"o":[[-21.432,0],[0,-21.433],[21.433,-0.001],[0,0],[0,21.432]],"v":[[0.001,38.807],[-38.807,0.001],[-0.001,-38.806],[38.807,0],[38.807,0.001]],"c":true},"ix":2},"nm":"Path 1","mn":"ADBE Vector Shape - Group","hd":false},{"ty":"fl","c":{"a":0,"k":[1,0.46699999641,0.030999998953,1],"ix":4},"o":{"a":0,"k":100,"ix":5},"r":1,"bm":0,"nm":"Fill 1","mn":"ADBE Vector Graphic - Fill","hd":false},{"ty":"tr","p":{"a":0,"k":[390.028,127.06],"ix":2},"a":{"a":0,"k":[0,0],"ix":1},"s":{"a":0,"k":[100,100],"ix":3},"r":{"a":0,"k":0,"ix":6},"o":{"a":0,"k":100,"ix":7},"sk":{"a":0,"k":0,"ix":4},"sa":{"a":0,"k":0,"ix":5},"nm":"Transform"}],"nm":"Group 26","np":2,"cix":2,"bm":0,"ix":9,"mn":"ADBE Vector Group","hd":false},{"ty":"tr","p":{"a":1,"k":[{"i":{"x":0.833,"y":0.833},"o":{"x":0.167,"y":0.167},"t":0,"s":[387.604,126.251],"to":[1,45.333],"ti":[-1,-45.333]},{"t":31,"s":[393.604,398.251]}],"ix":2},"a":{"a":0,"k":[387.604,126.251],"ix":1},"s":{"a":0,"k":[100,100],"ix":3},"r":{"a":0,"k":0,"ix":6},"o":{"a":0,"k":100,"ix":7},"sk":{"a":0,"k":0,"ix":4},"sa":{"a":0,"k":0,"ix":5},"nm":"Transform"}],"nm":"Group 28","np":9,"cix":2,"bm":0,"ix":13,"mn":"ADBE Vector Group","hd":false},{"ty":"gr","it":[{"ind":0,"ty":"sh","ix":1,"ks":{"a":0,"k":{"i":[[-12.849,4.163],[-15.679,-14.899],[-14.894,20.203],[16.467,-0.577],[2.818,20.639]],"o":[[-20.489,16.384],[16.332,15.522],[-0.638,12.201],[-22.889,0.803],[-3.21,-23.505]],"v":[[-13.183,-41.112],[-16.404,18.007],[42.088,12.444],[4.78,40.309],[-38.877,3.766]],"c":true},"ix":2},"nm":"Path 1","mn":"ADBE Vector Shape - Group","hd":false},{"ty":"fl","c":{"a":0,"k":[1,1,1,1],"ix":4},"o":{"a":0,"k":100,"ix":5},"r":1,"bm":0,"nm":"Fill 1","mn":"ADBE Vector Graphic - Fill","hd":false},{"ty":"tr","p":{"a":1,"k":[{"i":{"x":0.833,"y":0.833},"o":{"x":0.167,"y":0.167},"t":31,"s":[419.359,330.365],"to":[-3.833,-34.667],"ti":[3.833,34.667]},{"t":61,"s":[396.359,122.365]}],"ix":2},"a":{"a":0,"k":[0,0],"ix":1},"s":{"a":0,"k":[134.983,134.983],"ix":3},"r":{"a":0,"k":0,"ix":6},"o":{"a":0,"k":100,"ix":7},"sk":{"a":0,"k":0,"ix":4},"sa":{"a":0,"k":0,"ix":5},"nm":"Transform"}],"nm":"Group 27","np":2,"cix":2,"bm":0,"ix":14,"mn":"ADBE Vector Group","hd":false},{"ty":"gr","it":[{"ty":"tr","p":{"a":0,"k":[285.371,77.445],"ix":2},"a":{"a":0,"k":[0,0],"ix":1},"s":{"a":0,"k":[100,100],"ix":3},"r":{"a":0,"k":21,"ix":6},"o":{"a":0,"k":100,"ix":7},"sk":{"a":0,"k":0,"ix":4},"sa":{"a":0,"k":0,"ix":5},"nm":"Transform"}],"nm":"Group 33","np":0,"cix":2,"bm":0,"ix":15,"mn":"ADBE Vector Group","hd":false},{"ty":"gr","it":[{"ty":"tr","p":{"a":0,"k":[330.393,105.406],"ix":2},"a":{"a":0,"k":[0,0],"ix":1},"s":{"a":0,"k":[100,100],"ix":3},"r":{"a":0,"k":46.548,"ix":6},"o":{"a":0,"k":100,"ix":7},"sk":{"a":0,"k":0,"ix":4},"sa":{"a":0,"k":0,"ix":5},"nm":"Transform"}],"nm":"Group 34","np":0,"cix":2,"bm":0,"ix":16,"mn":"ADBE Vector Group","hd":false}],"ip":0,"op":300,"st":0,"bm":0},{"ddd":0,"ind":2,"ty":1,"nm":"Deep Blue Solid 1","sr":1,"ks":{"o":{"a":0,"k":100,"ix":11},"r":{"a":0,"k":0,"ix":10},"p":{"a":0,"k":[430,316.5,0],"ix":2},"a":{"a":0,"k":[430,316.5,0],"ix":1},"s":{"a":0,"k":[100,100,100],"ix":6}},"ao":0,"sw":860,"sh":633,"sc":"#000b5c","ip":31,"op":331,"st":31,"bm":0},{"ddd":0,"ind":4,"ty":1,"nm":"Pale Cyan Solid 1","sr":1,"ks":{"o":{"a":0,"k":100,"ix":11},"r":{"a":0,"k":0,"ix":10},"p":{"a":0,"k":[430,316.5,0],"ix":2},"a":{"a":0,"k":[430,316.5,0],"ix":1},"s":{"a":0,"k":[100,100,100],"ix":6}},"ao":0,"sw":860,"sh":633,"sc":"#e3fdff","ip":0,"op":300,"st":0,"bm":0}],"markers":[]}